{"cameraMode":{"drawMode":0,"name":"Shaded","section":"Shading Mode"},"sceneLighting":true,"audioPlay":false,"sceneViewState":{"showFog":true,"showMaterialUpdate":false,"showSkybox":false,"showFlares":true,"showImageEffects":true,"showParticleSystems":true},"in2DMode":false,"pivot":{"x":-0.3826574683189392,"y":9.426858901977539,"z":0.973052978515625},"rotation":{"x":0.0023921809624880554,"y":0.989298939704895,"z":-0.1449674665927887,"w":0.016324913129210473},"size":13.248046875,"orthographic":false}