{"cameraMode":{"drawMode":0,"name":"Shaded","section":"Shading Mode"},"sceneLighting":false,"audioPlay":false,"sceneViewState":{"showFog":true,"showMaterialUpdate":false,"showSkybox":false,"showFlares":true,"showImageEffects":true,"showParticleSystems":true},"in2DMode":false,"pivot":{"x":94.00506591796875,"y":-19.87703514099121,"z":-118.14198303222656},"rotation":{"x":0.027992650866508485,"y":0.3591219186782837,"z":-0.010776890441775322,"w":0.9328085780143738},"size":6.067424774169922,"orthographic":false}