{"cameraMode":{"drawMode":0,"name":"Shaded","section":"Shading Mode"},"sceneLighting":true,"audioPlay":false,"sceneViewState":{"showFog":true,"showMaterialUpdate":false,"showSkybox":false,"showFlares":true,"showImageEffects":true,"showParticleSystems":true},"in2DMode":false,"pivot":{"x":-0.3627204895019531,"y":5.082737922668457,"z":0.4233055114746094},"rotation":{"x":0.020618412643671037,"y":-0.8599218726158142,"z":0.03484597057104111,"w":0.5088182091712952},"size":5.034908771514893,"orthographic":false}