{"cameraMode":{"drawMode":0,"name":"Shaded","section":"Shading Mode"},"sceneLighting":true,"audioPlay":false,"sceneViewState":{"showFog":true,"showMaterialUpdate":false,"showSkybox":true,"showFlares":true,"showImageEffects":true,"showParticleSystems":true},"in2DMode":false,"pivot":{"x":4.384120941162109,"y":1.511504054069519,"z":84.08075714111328},"rotation":{"x":0.07639746367931366,"y":0.026917695999145509,"z":-0.002063242020085454,"w":0.9967137575149536},"size":6.383180141448975,"orthographic":false}