{"cameraMode":{"drawMode":0,"name":"Shaded","section":"Shading Mode"},"sceneLighting":false,"audioPlay":false,"sceneViewState":{"showFog":true,"showMaterialUpdate":false,"showSkybox":false,"showFlares":true,"showImageEffects":true,"showParticleSystems":true},"in2DMode":false,"pivot":{"x":1.0418663024902344,"y":4.465782165527344,"z":-11.374996185302735},"rotation":{"x":0.03451598808169365,"y":0.7274897694587708,"z":-0.03669489547610283,"w":0.6842730641365051},"size":19.300262451171876,"orthographic":false}