{"cameraMode":{"drawMode":0,"name":"Shaded","section":"Shading Mode"},"sceneLighting":false,"audioPlay":false,"sceneViewState":{"showFog":true,"showMaterialUpdate":false,"showSkybox":false,"showFlares":true,"showImageEffects":true,"showParticleSystems":true},"in2DMode":false,"pivot":{"x":0.0,"y":0.9900000095367432,"z":3.766812801361084},"rotation":{"x":0.10131368786096573,"y":-0.7280701398849487,"z":0.11026784032583237,"w":0.6689517498016357},"size":2.209360361099243,"orthographic":false}