{"cameraMode":{"drawMode":0,"name":"Shaded","section":"Shading Mode"},"sceneLighting":false,"audioPlay":false,"sceneViewState":{"showFog":true,"showMaterialUpdate":false,"showSkybox":false,"showFlares":true,"showImageEffects":true,"showParticleSystems":true},"in2DMode":false,"pivot":{"x":27.191085815429689,"y":-13.580656051635743,"z":21.006099700927736},"rotation":{"x":0.01839316450059414,"y":-0.9736422300338745,"z":0.08492124080657959,"w":0.2108820080757141},"size":22.859228134155275,"orthographic":false}