{"cameraMode":{"drawMode":0,"name":"Shaded","section":"Shading Mode"},"sceneLighting":false,"audioPlay":false,"sceneViewState":{"showFog":true,"showMaterialUpdate":false,"showSkybox":false,"showFlares":true,"showImageEffects":true,"showParticleSystems":true},"in2DMode":false,"pivot":{"x":-1.2765973806381226,"y":1.042555332183838,"z":-0.28482484817504885},"rotation":{"x":-0.011935736984014511,"y":0.947303056716919,"z":-0.03554053232073784,"w":-0.31813716888427737},"size":1.8918814659118653,"orthographic":false}