{"cameraMode":{"drawMode":0,"name":"Shaded","section":"Shading Mode"},"sceneLighting":true,"audioPlay":false,"sceneViewState":{"showFog":true,"showMaterialUpdate":false,"showSkybox":false,"showFlares":true,"showImageEffects":true,"showParticleSystems":true},"in2DMode":false,"pivot":{"x":-0.01651647686958313,"y":3.6949381828308107,"z":0.026966184377670289},"rotation":{"x":0.020618412643671037,"y":-0.8599218726158142,"z":0.03484597057104111,"w":0.5088182091712952},"size":3.23490834236145,"orthographic":false}