{"cameraMode":{"drawMode":0,"name":"Shaded","section":"Shading Mode"},"sceneLighting":false,"audioPlay":false,"sceneViewState":{"showFog":true,"showMaterialUpdate":false,"showSkybox":false,"showFlares":true,"showImageEffects":true,"showParticleSystems":true},"in2DMode":false,"pivot":{"x":895.2282104492188,"y":387.67425537109377,"z":84.5322265625},"rotation":{"x":-0.10649462789297104,"y":-0.0456252358853817,"z":0.004892048425972462,"w":-0.9932557344436646},"size":874.787109375,"orthographic":false}