{"cameraMode":{"drawMode":0,"name":"Shaded","section":"Shading Mode"},"sceneLighting":false,"audioPlay":false,"sceneViewState":{"showFog":true,"showMaterialUpdate":false,"showSkybox":false,"showFlares":true,"showImageEffects":true,"showParticleSystems":true},"in2DMode":false,"pivot":{"x":-5.455206871032715,"y":6.973174095153809,"z":-1.7201385498046876},"rotation":{"x":-0.12108262628316879,"y":0.04405612871050835,"z":0.005377772729843855,"w":0.9916566610336304},"size":15.529693603515625,"orthographic":false}